origin,MMD_test,discriminative_score,kl_mean_test,prdc_density_test,prdc_coverage_test,f1_relative,distance_to_closest_relative,MMD_test__std,discriminative_score__std,kl_mean_test__std,prdc_density_test__std,prdc_coverage_test__std,f1_relative__std,distance_to_closest_relative__std,privacy_worst_attack,privacy_tpr,privacy_tpr__std,coexpr_tpr,coexpr_tpr__std,de_tpr,de_tpr__std,pathway_ks,pathway_ks__std
DP-CTGAN ε=50,1.1200230094059598,1.0,19.85715405689391,0.0,0.0,0.3099581209922828,3.746326077576054,0.024207655047490357,0.0,0.1891703807459377,0.0,0.0,0.08330188765094221,0.07258963976928337,loss_rf,0.5107243691959761,0.024158668570531724,0.48203842644860284,0.004452361172998138,0.0,0.0,0.7200504000000001,0.0267972681965905
DP-CVAE ε=1,0.26946785975499543,1.0,1.5797865573464367,0.0,0.0,0.2834739078448932,5.472624992058928,0.003283860890837704,0.0,0.05488983138004465,0.0,0.0,0.04867145098021522,0.14312572294191023,loss_rf,0.5043879193736963,0.021065758820375622,0.2709510441324932,0.0009217568182869031,0.1985355505824595,0.003965142203497732,0.39221880000000003,0.016534493557409016
DP-CVAE ε=10,0.19437819497617073,1.0,0.5577013463666237,0.0028930681806212,0.03762313448611166,0.7505916903315757,2.2680724868153876,0.002551679033235203,0.0,0.005364618923863413,0.002206233851558151,0.028340845983476484,0.040808083055883695,0.03374445577817829,loss_lr,0.5067810082564292,0.027002202142846172,0.25883419449924494,0.002196772947193224,0.13066267421529898,0.0054881284023618766,0.2343076,0.01036323302835556
DP-CVAE ε=4,0.26598619571400467,1.0,0.929571437769036,0.0,0.0,0.47391477014220473,3.4486238986704563,0.0032154186152934068,0.0,0.00799871019238055,0.0,0.0,0.06514647604349,0.04620585801424962,MC,0.5016267988812414,0.019090998626611455,0.24719520552244764,0.0014350131916703755,0.15717564857736743,0.004126818385246658,0.3137,0.011612941487840178
DP-CVAE ε=50,0.04925365453833712,0.9995934959349594,0.4765705286135204,3.7851327167971016,0.7612691836130724,0.896423111473362,1.215184881422076,0.0034961981349895376,0.0009089707225608562,0.0690420668647914,1.6070038005530456,0.023599527682294646,0.03206128311971692,0.052577527660192434,loss_lr,0.5078020652892667,0.020914169134068336,0.4710531583364278,0.009223352731729561,0.3682854196342027,0.020119042852646093,0.2088584,0.026795635405789508
DP-PGM ε=1,0.052637950781330455,1.0,18.552311045564025,4.587155963302e-05,0.0009216589861750999,0.8175115398884418,1.1718652754580816,0.0024280786691619764,0.0,0.06419051249168839,0.00010257192557336803,0.0020608921451610624,0.030978709517476503,0.01175800663995986,loss_lr,0.5058946059616354,0.019152222072610327,0.40772578330814174,0.0035848045170253783,0.3844420607337464,0.013965447423560748,0.23188080000000003,0.030085086292048414
DP-PGM ε=10,0.007888305321143641,0.7732090954935376,18.493104352301533,0.030985843541642476,0.05784467086627484,0.9214056491363136,1.1258073111883975,0.001281175228727753,0.004014527916515372,0.0669283822762726,0.02142397542287883,0.02684954547134571,0.03158431942157207,0.014246116700094805,loss_rf,0.5072093708679204,0.014199548691109162,0.3978845843360563,0.003944752442503212,0.5915397641274505,0.025745148794101,0.1775348,0.033599012920024894
DP-PGM ε=4,0.01310227889195818,0.9607183661349126,18.500102758846314,0.0039010838538429404,0.012860947871305938,0.8524120831347467,1.1438989491577183,0.001303323464873321,0.009319129058412466,0.05887662655798001,0.004053915896923239,0.006000462668132557,0.02285773829806348,0.012625931466570362,loss_lr,0.5032242592539289,0.01798839729670022,0.39250336963897253,0.006315357953602438,0.47958509990683396,0.029442054436951907,0.183408,0.017353465475230003
DP-PGM ε=50,0.0062166728473229595,0.5581865210089022,18.495925805761768,0.0672521829806507,0.10189405149452498,0.9711924747572029,1.1185279818259777,0.0012728642074733795,0.016316944760965162,0.06422382725381465,0.035588331318171545,0.023585439659164768,0.019641616615859978,0.014262994957965198,loss_lr,0.5150586153718979,0.019437140653760197,0.4080973413813266,0.0025371514180066177,0.6651253691295536,0.014194285664797643,0.17591079999999998,0.030853101646349912
