origin,is_DP,lfc,fpr_mean,fpr_std,tpr_mean,tpr_std,lfc_label
CTGAN,False,0.0,0.021046178441195322,0.009917138800565498,0.044542924662029776,0.025544935266568196,ΔVST = 0.0
CTGAN,False,0.2,2.354211187532697e-05,2.6743956758518444e-05,5.389301615560909e-05,0.00011091414068924242,ΔVST = 0.2
CTGAN,False,0.5,0.0,0.0,0.0,0.0,ΔVST = 0.5
CTGAN,False,1.0,0.0,0.0,0.0,0.0,ΔVST = 1.0
CVAE,False,0.0,0.04955915890179261,0.0002837313097025477,0.944311440952065,0.0023067435788295633,ΔVST = 0.0
CVAE,False,0.2,0.04683359823191819,0.001133748451614083,0.93266852897229,0.005513065531352257,ΔVST = 0.2
CVAE,False,0.5,0.03771218303780252,0.0035289437735450484,0.9276102769454728,0.007072024677203234,ΔVST = 0.5
CVAE,False,1.0,0.018330193338149947,0.002550936727634531,0.9173544982461439,0.011101307073950125,ΔVST = 1.0
CVAE-GMM,False,0.0,0.04832625780741291,0.0009659892577994628,0.984261106323167,0.003550765326655534,ΔVST = 0.0
CVAE-GMM,False,0.2,0.04692176892138093,0.001977215508261672,0.9853346114472539,0.005143014941366422,ΔVST = 0.2
CVAE-GMM,False,0.5,0.041329475641444374,0.004356934352813941,0.9863319687692278,0.006245654816693542,ΔVST = 0.5
CVAE-GMM,False,1.0,0.024501215735855036,0.004517799597250825,0.9874967233422505,0.007792586436484126,ΔVST = 1.0
DP-CTGAN ε=50,True,0.0,0.0004036405774145026,0.000429367898262213,0.0021078964878307933,0.002600506578386526,ΔVST = 0.0
DP-CTGAN ε=50,True,0.2,3.1739896559828944e-05,5.881194207560923e-05,0.0,0.0,ΔVST = 0.2
DP-CTGAN ε=50,True,0.5,2.7530647944650458e-05,5.083334940813974e-05,0.0,0.0,ΔVST = 0.5
DP-CTGAN ε=50,True,1.0,2.4059673074963482e-05,4.447383500708132e-05,0.0,0.0,ΔVST = 1.0
DP-CVAE ε=4,True,0.0,0.05,0.0,0.4583641472339055,0.010740502920920195,ΔVST = 0.0
DP-CVAE ε=4,True,0.2,0.04997292589303853,5.9924336924616114e-05,0.34621379022843507,0.00799707247472247,ΔVST = 0.2
DP-CVAE ε=4,True,0.5,0.04759545794340551,0.00034054009566384616,0.27383239992730546,0.006590807301153034,ΔVST = 0.5
DP-CVAE ε=4,True,1.0,0.022186008136322953,0.0013247179818856225,0.18881279246031107,0.007443974709408718,ΔVST = 1.0
DP-PGM ε=4,True,0.0,0.05,0.0,0.7718204423305451,0.003414030570420806,ΔVST = 0.0
DP-PGM ε=4,True,0.2,0.049514353794539986,0.0002169825046468021,0.6194329273894092,0.003291297808340794,ΔVST = 0.2
DP-PGM ε=4,True,0.5,0.049279568683452124,0.00021239188133977436,0.6535942842545834,0.0031478262300232416,ΔVST = 0.5
DP-PGM ε=4,True,1.0,0.03301506361004682,0.0006847750292550356,0.6181073796002424,0.01122939421131889,ΔVST = 1.0
EMB-Diffusion,False,0.0,0.04170161987907875,0.0007432344211229125,0.9767634817945201,0.0035481040171274087,ΔVST = 0.0
EMB-Diffusion,False,0.2,0.038369449713405564,0.0017807751590907198,0.9765191784353774,0.00368298061842706,ΔVST = 0.2
EMB-Diffusion,False,0.5,0.03106261499655896,0.0023858258936733183,0.9743641664361224,0.0033253504954946257,ΔVST = 0.5
EMB-Diffusion,False,1.0,0.01563950202714666,0.002049000127720967,0.961708271607612,0.004916333109546115,ΔVST = 1.0
MVN,False,0.0,0.018784068912050027,0.0011678518042681357,0.9251617300378727,0.003163930306205204,ΔVST = 0.0
MVN,False,0.2,0.012362015673443154,0.0010672559837516453,0.9051080756027243,0.005703686096374956,ΔVST = 0.2
MVN,False,0.5,0.007914375287753003,0.0006521166089827766,0.892868860285625,0.007201213028502379,ΔVST = 0.5
MVN,False,1.0,0.0033020188555370573,0.0004634469571757686,0.8746362930560575,0.010845048442484753,ΔVST = 1.0
NMF,False,0.0,0.039023312856707015,0.0022971611808753024,0.8536519754805636,0.028725308038641255,ΔVST = 0.0
NMF,False,0.2,0.027844019394617107,0.003163022431995074,0.7942199857477326,0.04127252793717881,ΔVST = 0.2
NMF,False,0.5,0.017243068074346113,0.0027432457350198454,0.7557945510064155,0.04946893699839963,ΔVST = 0.5
NMF,False,1.0,0.006346622811733123,0.0011950457238970773,0.7096609543648185,0.05660484739818724,ΔVST = 1.0
P-NMF,False,0.0,0.05,0.0,0.521400400989422,0.018892294479746077,ΔVST = 0.0
P-NMF,False,0.2,0.05,0.0,0.5091150535736608,0.021579506643568943,ΔVST = 0.2
P-NMF,False,0.5,0.049958886978925775,8.020583676510195e-05,0.4964471748539525,0.02770771879888643,ΔVST = 0.5
P-NMF,False,1.0,0.048838466043906514,0.0008046326631572091,0.4862048820082505,0.035410219213144425,ΔVST = 1.0
WGAN-GP,False,0.0,0.0494722898232524,0.00021591831881457647,0.9535188805829566,0.0034204849276374405,ΔVST = 0.0
WGAN-GP,False,0.2,0.04781186159346626,0.0011136980576538654,0.9555093816143708,0.00489108870641073,ΔVST = 0.2
WGAN-GP,False,0.5,0.043189538722309115,0.0022559650745713846,0.9583603028360379,0.0062115339549486445,ΔVST = 0.5
WGAN-GP,False,1.0,0.028423748598806184,0.003140533013285142,0.9601954186165103,0.012527278523706418,ΔVST = 1.0
